target_id,P_mean,C_mean,P_minus_C
cookingworld:test:52000,0.0,0.0,0.0
cookingworld:test:52003,1.0,0.5,0.5
cookingworld:test:52004,0.0,0.0,0.0
cookingworld:test:52011,1.0,1.0,0.0
cookingworld:test:52012,1.0,1.0,0.0
cookingworld:test:52014,1.0,1.0,0.0
cookingworld:test:52025,1.0,0.0,1.0
cookingworld:test:52027,1.0,0.5,0.5
cookingworld:test:52029,1.0,1.0,0.0
cookingworld:test:52030,1.0,0.0,1.0
cookingworld:test:52036,1.0,1.0,0.0
cookingworld:test:52037,1.0,1.0,0.0
cookingworld:test:52038,1.0,1.0,0.0
cookingworld:test:52039,1.0,1.0,0.0
cookingworld:test:52041,0.0,0.0,0.0
cookingworld:test:52052,0.5,0.0,0.5
cookingworld:test:52054,0.5,0.5,0.0
cookingworld:test:52057,1.0,1.0,0.0
cookingworld:test:52059,1.0,1.0,0.0
cookingworld:test:52063,1.0,0.0,1.0
cookingworld:test:52064,1.0,0.0,1.0
cookingworld:test:52066,1.0,1.0,0.0
cookingworld:test:52067,1.0,1.0,0.0
cookingworld:test:52068,1.0,0.0,1.0
cookingworld:test:52076,1.0,0.0,1.0
cookingworld:test:52079,1.0,0.5,0.5
cookingworld:test:52080,1.0,1.0,0.0
cookingworld:test:52081,0.5,0.0,0.5
cookingworld:test:52082,1.0,1.0,0.0
cookingworld:test:52083,1.0,1.0,0.0
cookingworld:test:52087,1.0,1.0,0.0
cookingworld:test:52090,1.0,1.0,0.0
cookingworld:test:52092,1.0,1.0,0.0
cookingworld:test:52093,1.0,0.5,0.5
cookingworld:test:52094,1.0,1.0,0.0
cookingworld:test:52095,1.0,0.5,0.5
cookingworld:test:52105,1.0,1.0,0.0
cookingworld:test:52106,1.0,1.0,0.0
cookingworld:test:52107,0.5,0.5,0.0
cookingworld:test:52109,1.0,1.0,0.0
cookingworld:test:52112,1.0,1.0,0.0
cookingworld:test:52117,1.0,0.5,0.5
cookingworld:test:52119,1.0,1.0,0.0
cookingworld:test:52120,1.0,1.0,0.0
cookingworld:test:52126,1.0,1.0,0.0
cookingworld:test:52127,1.0,1.0,0.0
cookingworld:test:52129,1.0,0.0,1.0
cookingworld:test:52131,1.0,1.0,0.0
cookingworld:test:52133,1.0,1.0,0.0
cookingworld:test:52139,1.0,1.0,0.0
cookingworld:test:52145,0.5,1.0,-0.5
cookingworld:test:52148,1.0,0.0,1.0
cookingworld:test:52151,1.0,1.0,0.0
cookingworld:test:52155,1.0,0.5,0.5
cookingworld:test:52162,0.5,1.0,-0.5
cookingworld:test:52165,1.0,1.0,0.0
cookingworld:test:52170,0.0,0.0,0.0
cookingworld:test:52171,1.0,1.0,0.0
cookingworld:test:52173,1.0,1.0,0.0
cookingworld:test:52179,1.0,1.0,0.0
cookingworld:test:52181,1.0,0.0,1.0
cookingworld:test:52184,0.0,0.0,0.0
cookingworld:test:52187,1.0,1.0,0.0
cookingworld:test:52191,1.0,0.0,1.0
cookingworld:test:52195,0.0,0.0,0.0
cookingworld:test:52197,1.0,0.5,0.5
cookingworld:test:52201,1.0,0.0,1.0
cookingworld:test:52207,0.0,1.0,-1.0
cookingworld:test:52209,1.0,1.0,0.0
cookingworld:test:52210,1.0,0.5,0.5
cookingworld:test:52214,1.0,0.0,1.0
cookingworld:test:52217,0.5,0.0,0.5
cookingworld:test:52221,1.0,1.0,0.0
cookingworld:test:52222,1.0,1.0,0.0
cookingworld:test:52223,1.0,0.0,1.0
cookingworld:test:52226,1.0,0.0,1.0
cookingworld:test:52229,1.0,1.0,0.0
cookingworld:test:52231,1.0,1.0,0.0
cookingworld:test:52233,1.0,1.0,0.0
cookingworld:test:52234,1.0,1.0,0.0
cookingworld:test:52235,1.0,1.0,0.0
cookingworld:test:52236,1.0,1.0,0.0
cookingworld:test:52237,1.0,0.0,1.0
cookingworld:test:52238,1.0,0.0,1.0
cookingworld:test:52243,1.0,1.0,0.0
cookingworld:test:52246,1.0,0.0,1.0
cookingworld:test:52254,1.0,1.0,0.0
cookingworld:test:52255,1.0,1.0,0.0
cookingworld:test:52258,1.0,0.5,0.5
cookingworld:test:52260,1.0,1.0,0.0
cookingworld:test:52261,1.0,1.0,0.0
cookingworld:test:52264,0.0,0.0,0.0
cookingworld:test:52267,1.0,0.5,0.5
cookingworld:test:52268,1.0,1.0,0.0
cookingworld:test:52269,1.0,1.0,0.0
cookingworld:test:52275,0.0,1.0,-1.0
cookingworld:test:52276,0.0,0.0,0.0
cookingworld:test:52277,1.0,0.5,0.5
cookingworld:test:52278,1.0,1.0,0.0
cookingworld:test:52280,1.0,1.0,0.0
cookingworld:test:52282,1.0,1.0,0.0
cookingworld:test:52285,1.0,1.0,0.0
cookingworld:test:52288,1.0,1.0,0.0
cookingworld:test:52294,1.0,1.0,0.0
cookingworld:test:52298,1.0,1.0,0.0
cookingworld:test:52304,1.0,1.0,0.0
cookingworld:test:52305,1.0,1.0,0.0
cookingworld:test:52306,1.0,1.0,0.0
cookingworld:test:52310,1.0,1.0,0.0
cookingworld:test:52311,1.0,1.0,0.0
cookingworld:test:52312,0.0,0.0,0.0
cookingworld:test:52314,1.0,1.0,0.0
cookingworld:test:52317,1.0,1.0,0.0
cookingworld:test:52320,1.0,1.0,0.0
cookingworld:test:52324,1.0,1.0,0.0
cookingworld:test:52325,1.0,0.5,0.5
cookingworld:test:52328,0.5,0.0,0.5
cookingworld:test:52329,1.0,0.5,0.5
cookingworld:test:52330,0.0,0.0,0.0
cookingworld:test:52331,0.0,0.0,0.0
cookingworld:test:52335,1.0,1.0,0.0
cookingworld:test:52338,0.0,0.0,0.0
cookingworld:test:52339,1.0,1.0,0.0
cookingworld:test:52342,1.0,0.0,1.0
cookingworld:test:52344,1.0,0.0,1.0
cookingworld:test:52346,1.0,1.0,0.0
cookingworld:test:52349,1.0,1.0,0.0
cookingworld:test:52353,1.0,0.5,0.5
cookingworld:test:52359,1.0,1.0,0.0
cookingworld:test:52360,1.0,0.5,0.5
cookingworld:test:52364,1.0,1.0,0.0
cookingworld:test:52368,1.0,1.0,0.0
cookingworld:test:52373,1.0,0.0,1.0
cookingworld:test:52374,1.0,1.0,0.0
cookingworld:test:52376,1.0,1.0,0.0
cookingworld:test:52380,0.0,0.0,0.0
cookingworld:test:52381,1.0,1.0,0.0
cookingworld:test:52382,1.0,1.0,0.0
cookingworld:test:52385,0.0,0.0,0.0
cookingworld:test:52389,1.0,0.0,1.0
cookingworld:test:52403,1.0,0.5,0.5
cookingworld:test:52408,1.0,1.0,0.0
cookingworld:test:52410,0.5,0.0,0.5
cookingworld:test:52411,0.5,0.0,0.5
cookingworld:test:52412,1.0,1.0,0.0
cookingworld:test:52413,1.0,0.0,1.0
cookingworld:test:52424,0.0,0.0,0.0
cookingworld:test:52426,1.0,1.0,0.0
cookingworld:test:52429,1.0,0.5,0.5
cookingworld:test:52430,1.0,0.0,1.0
cookingworld:test:52431,1.0,0.0,1.0
cookingworld:test:52435,1.0,1.0,0.0
cookingworld:test:52436,0.5,1.0,-0.5
cookingworld:test:52437,1.0,1.0,0.0
cookingworld:test:52448,0.5,0.5,0.0
cookingworld:test:52449,1.0,1.0,0.0
cookingworld:test:52450,0.0,0.5,-0.5
cookingworld:test:52452,1.0,1.0,0.0
cookingworld:test:52457,1.0,1.0,0.0
cookingworld:test:52460,1.0,1.0,0.0
cookingworld:test:52464,1.0,1.0,0.0
cookingworld:test:52469,1.0,0.0,1.0
cookingworld:test:52470,1.0,0.5,0.5
cookingworld:test:52472,1.0,1.0,0.0
cookingworld:test:52473,1.0,0.5,0.5
cookingworld:test:52474,1.0,0.5,0.5
cookingworld:test:52476,1.0,0.0,1.0
cookingworld:test:52480,1.0,1.0,0.0
cookingworld:test:52481,0.5,1.0,-0.5
cookingworld:test:52483,1.0,1.0,0.0
cookingworld:test:52487,0.0,0.5,-0.5
cookingworld:test:52488,1.0,0.0,1.0
cookingworld:test:52493,0.0,0.5,-0.5
cookingworld:test:52495,1.0,1.0,0.0
cookingworld:test:52503,1.0,1.0,0.0
cookingworld:test:52506,1.0,1.0,0.0
cookingworld:test:52508,1.0,1.0,0.0
cookingworld:test:52511,1.0,0.0,1.0
cookingworld:test:52524,1.0,1.0,0.0
cookingworld:test:52529,1.0,1.0,0.0
cookingworld:test:52531,1.0,1.0,0.0
cookingworld:test:52534,1.0,0.0,1.0
cookingworld:test:52536,1.0,1.0,0.0
cookingworld:test:52539,1.0,1.0,0.0
cookingworld:test:52540,1.0,0.5,0.5
cookingworld:test:52547,1.0,0.0,1.0
cookingworld:test:52549,1.0,0.0,1.0
cookingworld:test:52552,1.0,1.0,0.0
cookingworld:test:52556,0.0,0.5,-0.5
cookingworld:test:52557,1.0,0.5,0.5
cookingworld:test:52558,1.0,1.0,0.0
cookingworld:test:52560,1.0,0.0,1.0
cookingworld:test:52563,0.5,0.0,0.5
cookingworld:test:52565,1.0,1.0,0.0
cookingworld:test:52567,1.0,1.0,0.0
cookingworld:test:52571,0.0,0.0,0.0
cookingworld:test:52572,1.0,1.0,0.0
cookingworld:test:52576,1.0,1.0,0.0
cookingworld:test:52578,0.0,0.0,0.0
cookingworld:test:52581,1.0,1.0,0.0
cookingworld:test:52584,1.0,0.0,1.0
cookingworld:test:52585,1.0,1.0,0.0
cookingworld:test:52587,1.0,1.0,0.0
cookingworld:test:52592,1.0,1.0,0.0
cookingworld:test:52593,1.0,1.0,0.0
cookingworld:test:52594,1.0,1.0,0.0
cookingworld:test:52601,0.0,0.0,0.0
cookingworld:test:52602,1.0,0.5,0.5
cookingworld:test:52603,0.5,0.5,0.0
cookingworld:test:52605,1.0,1.0,0.0
cookingworld:test:52609,1.0,1.0,0.0
cookingworld:test:52611,1.0,1.0,0.0
cookingworld:test:52613,0.5,0.5,0.0
cookingworld:test:52615,0.0,0.0,0.0
cookingworld:test:52620,1.0,1.0,0.0
cookingworld:test:52625,1.0,1.0,0.0
cookingworld:test:52631,1.0,1.0,0.0
cookingworld:test:52632,1.0,1.0,0.0
cookingworld:test:52638,1.0,1.0,0.0
cookingworld:test:52639,0.0,0.0,0.0
cookingworld:test:52640,0.0,1.0,-1.0
cookingworld:test:52645,1.0,0.0,1.0
cookingworld:test:52646,1.0,1.0,0.0
cookingworld:test:52655,1.0,1.0,0.0
cookingworld:test:52659,0.0,0.0,0.0
cookingworld:test:52660,1.0,1.0,0.0
cookingworld:test:52668,0.0,1.0,-1.0
cookingworld:test:52671,0.5,1.0,-0.5
cookingworld:test:52672,1.0,1.0,0.0
cookingworld:test:52674,0.0,0.0,0.0
cookingworld:test:52676,1.0,0.5,0.5
cookingworld:test:52679,1.0,1.0,0.0
cookingworld:test:52681,0.5,0.0,0.5
cookingworld:test:52682,1.0,1.0,0.0
cookingworld:test:52688,1.0,0.0,1.0
cookingworld:test:52691,1.0,1.0,0.0
cookingworld:test:52695,1.0,0.0,1.0
cookingworld:test:52696,1.0,1.0,0.0
cookingworld:test:52707,0.0,0.0,0.0
cookingworld:test:52708,1.0,0.0,1.0
cookingworld:test:52715,1.0,1.0,0.0
cookingworld:test:52717,1.0,1.0,0.0
cookingworld:test:52723,1.0,0.0,1.0
cookingworld:test:52724,0.0,0.0,0.0
cookingworld:test:52725,1.0,1.0,0.0
cookingworld:test:52727,1.0,0.5,0.5
cookingworld:test:52728,1.0,1.0,0.0
cookingworld:test:52730,0.5,0.5,0.0
cookingworld:test:52732,1.0,1.0,0.0
cookingworld:test:52735,1.0,1.0,0.0
cookingworld:test:52737,1.0,1.0,0.0
cookingworld:test:52738,0.0,0.0,0.0
cookingworld:test:52740,1.0,1.0,0.0
cookingworld:test:52741,1.0,1.0,0.0
cookingworld:test:52745,1.0,1.0,0.0
cookingworld:test:52748,1.0,1.0,0.0
cookingworld:test:52750,0.0,0.0,0.0
cookingworld:test:52753,1.0,1.0,0.0
cookingworld:test:52756,1.0,1.0,0.0
cookingworld:test:52757,1.0,1.0,0.0
cookingworld:test:52759,0.5,0.0,0.5
cookingworld:test:52770,0.5,0.0,0.5
cookingworld:test:52771,1.0,1.0,0.0
cookingworld:test:52773,0.0,0.0,0.0
cookingworld:test:52774,1.0,1.0,0.0
cookingworld:test:52775,1.0,1.0,0.0
cookingworld:test:52791,1.0,1.0,0.0
cookingworld:test:52793,1.0,1.0,0.0
cookingworld:test:52794,0.5,1.0,-0.5
cookingworld:test:52799,1.0,0.0,1.0
cookingworld:test:52802,0.0,0.0,0.0
cookingworld:test:52803,1.0,1.0,0.0
cookingworld:test:52805,0.5,0.0,0.5
cookingworld:test:52806,0.0,0.0,0.0
cookingworld:test:52808,0.0,0.0,0.0
cookingworld:test:52810,1.0,1.0,0.0
cookingworld:test:52815,0.0,0.5,-0.5
cookingworld:test:52818,1.0,1.0,0.0
cookingworld:test:52826,1.0,1.0,0.0
cookingworld:test:52828,1.0,1.0,0.0
cookingworld:test:52831,1.0,1.0,0.0
cookingworld:test:52835,0.5,1.0,-0.5
cookingworld:test:52836,1.0,1.0,0.0
cookingworld:test:52837,1.0,1.0,0.0
cookingworld:test:52839,0.0,1.0,-1.0
cookingworld:test:52840,1.0,0.0,1.0
cookingworld:test:52844,0.0,0.0,0.0
cookingworld:test:52846,1.0,0.0,1.0
cookingworld:test:52848,1.0,0.0,1.0
cookingworld:test:52849,1.0,1.0,0.0
cookingworld:test:52851,1.0,1.0,0.0
cookingworld:test:52853,0.0,0.0,0.0
cookingworld:test:52854,0.0,0.0,0.0
cookingworld:test:52859,0.0,0.0,0.0
cookingworld:test:52860,1.0,1.0,0.0
cookingworld:test:52864,1.0,1.0,0.0
cookingworld:test:52872,1.0,1.0,0.0
cookingworld:test:52880,1.0,1.0,0.0
cookingworld:test:52883,1.0,0.0,1.0
cookingworld:test:52884,1.0,1.0,0.0
cookingworld:test:52886,1.0,1.0,0.0
cookingworld:test:52888,1.0,0.5,0.5
cookingworld:test:52889,1.0,0.5,0.5
cookingworld:test:52890,0.0,0.0,0.0
cookingworld:test:52891,1.0,1.0,0.0
cookingworld:test:52893,0.0,0.0,0.0
cookingworld:test:52894,1.0,1.0,0.0
cookingworld:test:52896,1.0,1.0,0.0
cookingworld:test:52899,1.0,0.0,1.0
cookingworld:test:52902,0.5,0.0,0.5
cookingworld:test:52905,1.0,0.0,1.0
cookingworld:test:52911,1.0,1.0,0.0
cookingworld:test:52915,1.0,0.5,0.5
cookingworld:test:52916,1.0,1.0,0.0
cookingworld:test:52917,1.0,0.5,0.5
cookingworld:test:52921,1.0,1.0,0.0
cookingworld:test:52927,1.0,1.0,0.0
cookingworld:test:52928,0.0,0.0,0.0
cookingworld:test:52930,1.0,1.0,0.0
cookingworld:test:52934,1.0,1.0,0.0
cookingworld:test:52937,0.0,0.0,0.0
cookingworld:test:52939,1.0,1.0,0.0
cookingworld:test:52948,1.0,0.5,0.5
cookingworld:test:52954,1.0,1.0,0.0
cookingworld:test:52955,1.0,1.0,0.0
cookingworld:test:52956,1.0,1.0,0.0
cookingworld:test:52958,1.0,0.5,0.5
cookingworld:test:52960,1.0,0.0,1.0
cookingworld:test:52962,0.5,1.0,-0.5
cookingworld:test:52965,0.0,0.0,0.0
cookingworld:test:52967,0.5,0.5,0.0
cookingworld:test:52968,1.0,1.0,0.0
cookingworld:test:52974,1.0,1.0,0.0
cookingworld:test:52984,1.0,1.0,0.0
cookingworld:test:52985,1.0,1.0,0.0
cookingworld:test:52989,1.0,0.0,1.0
cookingworld:test:52997,1.0,1.0,0.0
cookingworld:test:53001,1.0,0.0,1.0
cookingworld:test:53004,1.0,1.0,0.0
cookingworld:test:53005,1.0,0.0,1.0
cookingworld:test:53008,1.0,0.5,0.5
cookingworld:test:53009,0.5,1.0,-0.5
cookingworld:test:53010,1.0,1.0,0.0
cookingworld:test:53011,1.0,1.0,0.0
cookingworld:test:53012,1.0,0.5,0.5
cookingworld:test:53015,1.0,1.0,0.0
cookingworld:test:53018,0.5,0.5,0.0
cookingworld:test:53020,1.0,1.0,0.0
cookingworld:test:53023,1.0,1.0,0.0
cookingworld:test:53026,1.0,1.0,0.0
cookingworld:test:53027,1.0,0.0,1.0
cookingworld:test:53031,1.0,1.0,0.0
cookingworld:test:53032,0.5,0.5,0.0
cookingworld:test:53035,1.0,0.0,1.0
cookingworld:test:53037,1.0,1.0,0.0
cookingworld:test:53040,1.0,1.0,0.0
cookingworld:test:53050,0.5,0.5,0.0
cookingworld:test:53052,1.0,1.0,0.0
cookingworld:test:53059,1.0,1.0,0.0
cookingworld:test:53061,1.0,1.0,0.0
cookingworld:test:53062,1.0,1.0,0.0
cookingworld:test:53063,1.0,0.0,1.0
cookingworld:test:53065,1.0,1.0,0.0
cookingworld:test:53067,0.0,0.0,0.0
cookingworld:test:53073,1.0,1.0,0.0
cookingworld:test:53077,1.0,0.0,1.0
cookingworld:test:53078,0.0,0.0,0.0
cookingworld:test:53079,0.0,0.0,0.0
cookingworld:test:53080,1.0,1.0,0.0
cookingworld:test:53085,1.0,0.5,0.5
cookingworld:test:53086,1.0,0.0,1.0
cookingworld:test:53087,1.0,1.0,0.0
cookingworld:test:53089,1.0,1.0,0.0
cookingworld:test:53092,1.0,1.0,0.0
cookingworld:test:53093,1.0,1.0,0.0
cookingworld:test:53094,0.5,1.0,-0.5
cookingworld:test:53096,1.0,0.0,1.0
cookingworld:test:53099,0.0,0.0,0.0
cookingworld:test:53101,1.0,0.0,1.0
cookingworld:test:53102,0.0,0.0,0.0
cookingworld:test:53111,1.0,1.0,0.0
cookingworld:test:53112,0.5,0.0,0.5
cookingworld:test:53116,1.0,1.0,0.0
cookingworld:test:53121,1.0,1.0,0.0
cookingworld:test:53123,0.0,0.0,0.0
cookingworld:test:53124,1.0,1.0,0.0
cookingworld:test:53130,1.0,1.0,0.0
cookingworld:test:53132,0.5,1.0,-0.5
cookingworld:test:53133,1.0,1.0,0.0
cookingworld:test:53136,1.0,1.0,0.0
cookingworld:test:53148,1.0,1.0,0.0
cookingworld:test:53150,1.0,1.0,0.0
cookingworld:test:53152,1.0,1.0,0.0
cookingworld:test:53153,1.0,0.0,1.0
cookingworld:test:53156,1.0,1.0,0.0
cookingworld:test:53157,1.0,1.0,0.0
cookingworld:test:53159,0.0,0.0,0.0
cookingworld:test:53162,1.0,0.0,1.0
cookingworld:test:53163,0.5,0.0,0.5
cookingworld:test:53165,1.0,1.0,0.0
cookingworld:test:53169,1.0,1.0,0.0
cookingworld:test:53173,1.0,0.0,1.0
cookingworld:test:53174,1.0,1.0,0.0
cookingworld:test:53175,1.0,1.0,0.0
cookingworld:test:53179,0.0,0.0,0.0
cookingworld:test:53183,1.0,0.5,0.5
cookingworld:test:53186,0.0,0.0,0.0
cookingworld:test:53187,0.0,0.0,0.0
cookingworld:test:53188,1.0,0.5,0.5
cookingworld:test:53189,1.0,0.0,1.0
cookingworld:test:53190,1.0,0.0,1.0
cookingworld:test:53191,0.5,0.0,0.5
cookingworld:test:53192,1.0,0.0,1.0
cookingworld:test:53194,1.0,0.0,1.0
cookingworld:test:53208,1.0,1.0,0.0
cookingworld:test:53209,1.0,0.0,1.0
cookingworld:test:53210,0.0,0.0,0.0
cookingworld:test:53213,0.5,1.0,-0.5
cookingworld:test:53216,1.0,0.5,0.5
cookingworld:test:53224,1.0,1.0,0.0
cookingworld:test:53227,1.0,0.0,1.0
cookingworld:test:53228,1.0,1.0,0.0
cookingworld:test:53231,1.0,1.0,0.0
cookingworld:test:53232,1.0,0.5,0.5
cookingworld:test:53240,1.0,0.0,1.0
cookingworld:test:53248,0.5,0.0,0.5
cookingworld:test:53257,0.0,0.0,0.0
cookingworld:test:53260,0.0,0.0,0.0
cookingworld:test:53267,1.0,0.5,0.5
cookingworld:test:53271,1.0,1.0,0.0
cookingworld:test:53273,1.0,1.0,0.0
cookingworld:test:53278,1.0,1.0,0.0
cookingworld:test:53281,1.0,1.0,0.0
cookingworld:test:53287,1.0,1.0,0.0
cookingworld:test:53288,1.0,0.5,0.5
cookingworld:test:53292,1.0,1.0,0.0
cookingworld:test:53293,0.0,0.0,0.0
cookingworld:test:53298,1.0,0.5,0.5
cookingworld:test:53299,1.0,0.0,1.0
cookingworld:test:53300,1.0,0.0,1.0
cookingworld:test:53303,1.0,1.0,0.0
cookingworld:test:53305,1.0,1.0,0.0
cookingworld:test:53306,1.0,0.5,0.5
cookingworld:test:53308,0.0,0.0,0.0
cookingworld:test:53311,1.0,0.5,0.5
cookingworld:test:53312,1.0,0.0,1.0
cookingworld:test:53313,1.0,0.5,0.5
cookingworld:test:53315,1.0,0.0,1.0
cookingworld:test:53317,0.5,0.0,0.5
cookingworld:test:53319,1.0,0.0,1.0
cookingworld:test:53322,0.5,0.5,0.0
cookingworld:test:53324,0.0,0.0,0.0
cookingworld:test:53326,1.0,0.0,1.0
cookingworld:test:53327,0.5,0.0,0.5
cookingworld:test:53329,1.0,0.0,1.0
cookingworld:test:53341,1.0,1.0,0.0
cookingworld:test:53345,0.0,0.0,0.0
cookingworld:test:53349,1.0,0.5,0.5
cookingworld:test:53351,1.0,0.0,1.0
cookingworld:test:53357,1.0,0.0,1.0
cookingworld:test:53365,1.0,0.0,1.0
cookingworld:test:53366,0.0,0.0,0.0
cookingworld:test:53371,1.0,1.0,0.0
cookingworld:test:53375,1.0,1.0,0.0
cookingworld:test:53376,1.0,1.0,0.0
cookingworld:test:53377,1.0,0.0,1.0
cookingworld:test:53382,1.0,1.0,0.0
cookingworld:test:53383,1.0,1.0,0.0
cookingworld:test:53384,1.0,1.0,0.0
cookingworld:test:53385,1.0,1.0,0.0
cookingworld:test:53388,0.5,1.0,-0.5
cookingworld:test:53389,1.0,1.0,0.0
cookingworld:test:53390,1.0,1.0,0.0
cookingworld:test:53394,0.0,0.0,0.0
cookingworld:test:53395,1.0,0.5,0.5
cookingworld:test:53396,0.0,0.0,0.0
cookingworld:test:53397,1.0,1.0,0.0
cookingworld:test:53404,1.0,1.0,0.0
cookingworld:test:53405,1.0,1.0,0.0
cookingworld:test:53406,0.5,0.5,0.0
cookingworld:test:53411,1.0,1.0,0.0
cookingworld:test:53417,1.0,1.0,0.0
cookingworld:test:53420,1.0,1.0,0.0
cookingworld:test:53426,1.0,1.0,0.0
cookingworld:test:53427,0.5,1.0,-0.5
cookingworld:test:53430,1.0,1.0,0.0
cookingworld:test:53433,1.0,1.0,0.0
cookingworld:test:53436,1.0,1.0,0.0
cookingworld:test:53440,0.5,0.0,0.5
cookingworld:test:53442,1.0,0.5,0.5
cookingworld:test:53444,1.0,1.0,0.0
cookingworld:test:53446,1.0,1.0,0.0
cookingworld:test:53447,0.0,0.0,0.0
cookingworld:test:53448,1.0,0.0,1.0
cookingworld:test:53450,1.0,1.0,0.0
cookingworld:test:53451,1.0,1.0,0.0
cookingworld:test:53452,1.0,1.0,0.0
cookingworld:test:53454,0.5,0.5,0.0
cookingworld:test:53456,1.0,1.0,0.0
cookingworld:test:53458,1.0,0.0,1.0
cookingworld:test:53463,1.0,0.5,0.5
cookingworld:test:53467,1.0,1.0,0.0
cookingworld:test:53468,0.0,0.0,0.0
cookingworld:test:53476,1.0,1.0,0.0
cookingworld:test:53478,1.0,1.0,0.0
cookingworld:test:53479,1.0,1.0,0.0
cookingworld:test:53480,1.0,0.5,0.5
cookingworld:test:53484,1.0,1.0,0.0
cookingworld:test:53487,0.0,0.0,0.0
cookingworld:test:53490,0.0,0.0,0.0
cookingworld:test:53495,1.0,0.0,1.0
cookingworld:test:53496,1.0,1.0,0.0
cookingworld:test:53497,1.0,0.0,1.0
cookingworld:test:53498,1.0,1.0,0.0
cookingworld:test:53499,0.0,0.0,0.0
cookingworld:test:53500,1.0,0.5,0.5
cookingworld:test:53501,0.0,0.0,0.0
cookingworld:test:53508,1.0,0.5,0.5
cookingworld:test:53510,1.0,1.0,0.0
cookingworld:test:53516,1.0,1.0,0.0
cookingworld:test:53519,1.0,1.0,0.0
cookingworld:test:53522,0.0,0.0,0.0
cookingworld:test:53523,1.0,1.0,0.0
cookingworld:test:53532,1.0,1.0,0.0
cookingworld:test:53534,1.0,1.0,0.0
cookingworld:test:53536,1.0,1.0,0.0
cookingworld:test:53539,1.0,0.0,1.0
cookingworld:test:53540,1.0,1.0,0.0
cookingworld:test:53544,0.0,0.0,0.0
cookingworld:test:53555,0.0,1.0,-1.0
cookingworld:test:53556,1.0,1.0,0.0
cookingworld:test:53561,1.0,0.0,1.0
cookingworld:test:53562,1.0,0.0,1.0
cookingworld:test:53565,0.5,0.0,0.5
cookingworld:test:53571,1.0,1.0,0.0
cookingworld:test:53572,1.0,0.5,0.5
cookingworld:test:53573,1.0,1.0,0.0
cookingworld:test:53575,1.0,1.0,0.0
cookingworld:test:53577,1.0,0.0,1.0
cookingworld:test:53579,0.5,0.0,0.5
cookingworld:test:53584,1.0,0.0,1.0
cookingworld:test:53585,0.0,0.0,0.0
cookingworld:test:53586,1.0,1.0,0.0
cookingworld:test:53592,1.0,0.0,1.0
cookingworld:test:53595,1.0,0.0,1.0
cookingworld:test:53598,1.0,1.0,0.0
cookingworld:test:53600,1.0,1.0,0.0
cookingworld:test:53602,0.0,0.0,0.0
cookingworld:test:53605,1.0,1.0,0.0
cookingworld:test:53614,1.0,0.5,0.5
cookingworld:test:53617,0.0,0.5,-0.5
cookingworld:test:53620,1.0,1.0,0.0
cookingworld:test:53622,1.0,1.0,0.0
cookingworld:test:53628,1.0,0.0,1.0
cookingworld:test:53631,1.0,0.5,0.5
cookingworld:test:53632,1.0,0.0,1.0
cookingworld:test:53634,1.0,0.0,1.0
cookingworld:test:53642,0.5,0.5,0.0
cookingworld:test:53643,1.0,0.5,0.5
cookingworld:test:53644,0.5,1.0,-0.5
cookingworld:test:53648,0.5,1.0,-0.5
cookingworld:test:53652,1.0,1.0,0.0
cookingworld:test:53661,1.0,0.5,0.5
cookingworld:test:53664,0.5,0.0,0.5
cookingworld:test:53665,1.0,0.0,1.0
cookingworld:test:53666,1.0,1.0,0.0
cookingworld:test:53667,0.0,0.0,0.0
cookingworld:test:53671,1.0,0.0,1.0
cookingworld:test:53675,1.0,0.0,1.0
cookingworld:test:53676,1.0,0.0,1.0
cookingworld:test:53683,0.0,0.0,0.0
cookingworld:test:53685,1.0,0.5,0.5
cookingworld:test:53689,0.5,1.0,-0.5
cookingworld:test:53690,1.0,1.0,0.0
cookingworld:test:53693,1.0,1.0,0.0
cookingworld:test:53694,1.0,1.0,0.0
cookingworld:test:53695,1.0,0.0,1.0
cookingworld:test:53698,1.0,1.0,0.0
cookingworld:test:53699,1.0,1.0,0.0
cookingworld:test:53708,1.0,0.0,1.0
cookingworld:test:53710,1.0,0.0,1.0
cookingworld:test:53719,1.0,1.0,0.0
cookingworld:test:53722,1.0,0.0,1.0
cookingworld:test:53726,1.0,1.0,0.0
cookingworld:test:53728,0.0,0.0,0.0
cookingworld:test:53731,1.0,0.0,1.0
cookingworld:test:53733,0.0,0.5,-0.5
cookingworld:test:53734,1.0,0.0,1.0
cookingworld:test:53739,1.0,1.0,0.0
cookingworld:test:53743,1.0,0.5,0.5
cookingworld:test:53750,1.0,1.0,0.0
cookingworld:test:53751,1.0,1.0,0.0
cookingworld:test:53752,0.0,0.0,0.0
cookingworld:test:53753,0.0,0.0,0.0
cookingworld:test:53758,0.0,1.0,-1.0
cookingworld:test:53759,1.0,1.0,0.0
cookingworld:test:53760,1.0,0.5,0.5
cookingworld:test:53766,0.5,1.0,-0.5
cookingworld:test:53768,1.0,0.5,0.5
cookingworld:test:53770,1.0,1.0,0.0
cookingworld:test:53771,1.0,0.5,0.5
cookingworld:test:53772,1.0,1.0,0.0
cookingworld:test:53775,1.0,1.0,0.0
cookingworld:test:53778,1.0,0.0,1.0
cookingworld:test:53782,1.0,0.0,1.0
cookingworld:test:53784,1.0,1.0,0.0
cookingworld:test:53786,1.0,1.0,0.0
cookingworld:test:53789,0.5,0.0,0.5
cookingworld:test:53790,1.0,0.0,1.0
cookingworld:test:53791,1.0,1.0,0.0
cookingworld:test:53792,0.5,0.0,0.5
cookingworld:test:53796,1.0,0.5,0.5
cookingworld:test:53797,1.0,0.0,1.0
cookingworld:test:53800,0.0,0.5,-0.5
cookingworld:test:53804,0.0,0.5,-0.5
cookingworld:test:53812,1.0,1.0,0.0
cookingworld:test:53813,1.0,1.0,0.0
cookingworld:test:53815,1.0,1.0,0.0
cookingworld:test:53818,1.0,1.0,0.0
cookingworld:test:53822,0.0,0.0,0.0
cookingworld:test:53823,1.0,1.0,0.0
cookingworld:test:53824,1.0,1.0,0.0
cookingworld:test:53825,0.5,0.0,0.5
cookingworld:test:53832,1.0,1.0,0.0
cookingworld:test:53834,1.0,1.0,0.0
cookingworld:test:53835,1.0,0.0,1.0
cookingworld:test:53836,1.0,0.0,1.0
cookingworld:test:53837,1.0,1.0,0.0
cookingworld:test:53841,1.0,1.0,0.0
cookingworld:test:53844,1.0,0.0,1.0
cookingworld:test:53845,0.0,0.0,0.0
cookingworld:test:53851,0.5,0.0,0.5
cookingworld:test:53855,1.0,0.5,0.5
cookingworld:test:53856,0.5,0.0,0.5
cookingworld:test:53865,1.0,0.0,1.0
cookingworld:test:53869,1.0,0.0,1.0
cookingworld:test:53870,1.0,1.0,0.0
cookingworld:test:53872,0.0,1.0,-1.0
cookingworld:test:53875,1.0,1.0,0.0
cookingworld:test:53886,1.0,1.0,0.0
cookingworld:test:53889,1.0,1.0,0.0
cookingworld:test:53895,0.0,1.0,-1.0
cookingworld:test:53896,1.0,1.0,0.0
cookingworld:test:53905,1.0,0.5,0.5
cookingworld:test:53908,1.0,1.0,0.0
cookingworld:test:53917,1.0,1.0,0.0
cookingworld:test:53919,1.0,1.0,0.0
cookingworld:test:53921,1.0,1.0,0.0
cookingworld:test:53922,1.0,1.0,0.0
cookingworld:test:53923,1.0,0.5,0.5
cookingworld:test:53924,1.0,1.0,0.0
cookingworld:test:53928,1.0,1.0,0.0
cookingworld:test:53931,1.0,0.0,1.0
cookingworld:test:53935,1.0,1.0,0.0
cookingworld:test:53937,1.0,0.0,1.0
cookingworld:test:53939,1.0,0.5,0.5
cookingworld:test:53940,0.0,0.0,0.0
cookingworld:test:53943,0.5,0.0,0.5
cookingworld:test:53944,1.0,1.0,0.0
cookingworld:test:53946,1.0,0.0,1.0
cookingworld:test:53960,1.0,1.0,0.0
cookingworld:test:53964,1.0,1.0,0.0
cookingworld:test:53966,1.0,1.0,0.0
cookingworld:test:53967,1.0,1.0,0.0
cookingworld:test:53969,1.0,1.0,0.0
cookingworld:test:53970,1.0,1.0,0.0
cookingworld:test:53973,1.0,0.5,0.5
cookingworld:test:53974,1.0,1.0,0.0
cookingworld:test:53975,1.0,1.0,0.0
cookingworld:test:53984,1.0,0.5,0.5
cookingworld:test:53990,1.0,0.5,0.5
cookingworld:test:53991,1.0,1.0,0.0
cookingworld:test:53993,0.5,1.0,-0.5
cookingworld:test:53994,0.0,0.0,0.0
cookingworld:test:53995,0.0,0.0,0.0
cookingworld:test:54000,1.0,0.0,1.0
cookingworld:test:54001,0.0,0.0,0.0
cookingworld:test:54002,1.0,0.0,1.0
cookingworld:test:54003,1.0,1.0,0.0
cookingworld:test:54004,1.0,1.0,0.0
cookingworld:test:54005,1.0,0.5,0.5
cookingworld:test:54006,1.0,1.0,0.0
cookingworld:test:54007,1.0,1.0,0.0
cookingworld:test:54008,1.0,0.0,1.0
cookingworld:test:54009,0.0,1.0,-1.0
cookingworld:test:54010,1.0,0.0,1.0
cookingworld:test:54011,1.0,0.0,1.0
cookingworld:test:54012,0.0,0.5,-0.5
cookingworld:test:54013,1.0,1.0,0.0
cookingworld:test:54014,0.5,0.0,0.5
cookingworld:test:54015,1.0,1.0,0.0
cookingworld:test:54016,0.0,0.0,0.0
cookingworld:test:54017,1.0,1.0,0.0
cookingworld:test:54018,1.0,0.5,0.5
cookingworld:test:54019,1.0,1.0,0.0
cookingworld:test:54020,1.0,0.5,0.5
cookingworld:test:54021,1.0,0.5,0.5
cookingworld:test:54022,0.0,0.0,0.0
cookingworld:test:54023,0.0,0.0,0.0
cookingworld:test:54024,1.0,0.0,1.0
cookingworld:test:54025,1.0,1.0,0.0
cookingworld:test:54026,1.0,1.0,0.0
cookingworld:test:54027,1.0,1.0,0.0
cookingworld:test:54028,0.0,0.5,-0.5
cookingworld:test:54029,0.5,0.0,0.5
cookingworld:test:54030,1.0,1.0,0.0
cookingworld:test:54031,0.5,0.0,0.5
cookingworld:test:54032,0.0,0.0,0.0
cookingworld:test:54033,1.0,1.0,0.0
cookingworld:test:54034,1.0,1.0,0.0
cookingworld:test:54035,1.0,1.0,0.0
cookingworld:test:54036,1.0,1.0,0.0
cookingworld:test:54037,1.0,1.0,0.0
cookingworld:test:54038,1.0,0.0,1.0
cookingworld:test:54039,1.0,1.0,0.0
cookingworld:test:54040,1.0,1.0,0.0
cookingworld:test:54041,1.0,0.0,1.0
cookingworld:test:54042,1.0,1.0,0.0
cookingworld:test:54043,1.0,1.0,0.0
cookingworld:test:54044,1.0,1.0,0.0
cookingworld:test:54045,1.0,1.0,0.0
cookingworld:test:54046,1.0,1.0,0.0
cookingworld:test:54047,1.0,1.0,0.0
cookingworld:test:54048,1.0,1.0,0.0
cookingworld:test:54049,1.0,1.0,0.0
cookingworld:test:54050,1.0,1.0,0.0
cookingworld:test:54051,1.0,1.0,0.0
cookingworld:test:54052,1.0,0.0,1.0
cookingworld:test:54053,0.0,0.5,-0.5
cookingworld:test:54054,0.5,1.0,-0.5
cookingworld:test:54055,1.0,0.0,1.0
cookingworld:test:54056,1.0,0.5,0.5
cookingworld:test:54057,1.0,1.0,0.0
cookingworld:test:54058,1.0,1.0,0.0
cookingworld:test:54059,1.0,1.0,0.0
cookingworld:test:54060,0.0,0.0,0.0
cookingworld:test:54061,1.0,1.0,0.0
cookingworld:test:54062,1.0,1.0,0.0
cookingworld:test:54063,0.5,0.0,0.5
cookingworld:test:54064,1.0,1.0,0.0
cookingworld:test:54065,1.0,1.0,0.0
cookingworld:test:54066,0.5,0.5,0.0
cookingworld:test:54067,1.0,0.0,1.0
cookingworld:test:54068,0.0,0.0,0.0
cookingworld:test:54069,1.0,1.0,0.0
cookingworld:test:54070,1.0,1.0,0.0
cookingworld:test:54071,1.0,0.5,0.5
cookingworld:test:54072,1.0,1.0,0.0
cookingworld:test:54073,1.0,1.0,0.0
cookingworld:test:54074,1.0,1.0,0.0
cookingworld:test:54075,1.0,1.0,0.0
cookingworld:test:54076,0.5,1.0,-0.5
cookingworld:test:54077,1.0,1.0,0.0
cookingworld:test:54078,1.0,1.0,0.0
cookingworld:test:54079,1.0,1.0,0.0
cookingworld:test:54080,1.0,1.0,0.0
cookingworld:test:54081,1.0,1.0,0.0
cookingworld:test:54082,0.0,0.0,0.0
cookingworld:test:54083,1.0,0.0,1.0
cookingworld:test:54084,1.0,1.0,0.0
cookingworld:test:54085,0.0,1.0,-1.0
cookingworld:test:54086,0.0,0.5,-0.5
cookingworld:test:54087,0.0,0.0,0.0
cookingworld:test:54088,1.0,0.0,1.0
cookingworld:test:54089,1.0,1.0,0.0
cookingworld:test:54090,1.0,0.0,1.0
cookingworld:test:54091,1.0,0.5,0.5
cookingworld:test:54092,0.0,1.0,-1.0
cookingworld:test:54093,1.0,0.0,1.0
cookingworld:test:54094,1.0,1.0,0.0
cookingworld:test:54095,0.0,0.0,0.0
cookingworld:test:54096,1.0,1.0,0.0
cookingworld:test:54097,1.0,1.0,0.0
cookingworld:test:54098,1.0,1.0,0.0
cookingworld:test:54099,1.0,1.0,0.0
cookingworld:test:54100,0.0,0.0,0.0
cookingworld:test:54101,1.0,0.0,1.0
cookingworld:test:54102,1.0,1.0,0.0
cookingworld:test:54103,1.0,0.0,1.0
cookingworld:test:54104,1.0,0.0,1.0
cookingworld:test:54105,1.0,1.0,0.0
cookingworld:test:54106,1.0,1.0,0.0
cookingworld:test:54107,0.0,0.0,0.0
cookingworld:test:54108,1.0,1.0,0.0
cookingworld:test:54109,1.0,1.0,0.0
cookingworld:test:54110,1.0,0.0,1.0
cookingworld:test:54111,0.0,0.0,0.0
cookingworld:test:54112,1.0,0.0,1.0
cookingworld:test:54113,1.0,1.0,0.0
cookingworld:test:54114,0.5,1.0,-0.5
cookingworld:test:54115,1.0,0.5,0.5
cookingworld:test:54116,1.0,0.0,1.0
cookingworld:test:54117,1.0,0.0,1.0
cookingworld:test:54118,1.0,1.0,0.0
cookingworld:test:54119,1.0,0.5,0.5
cookingworld:test:54120,1.0,1.0,0.0
cookingworld:test:54121,1.0,1.0,0.0
cookingworld:test:54122,1.0,1.0,0.0
cookingworld:test:54123,0.5,1.0,-0.5
cookingworld:test:54124,1.0,1.0,0.0
